"x","y","ibd","ibd_lower","ibd_upper","p_value","p_BH","p_BF","sig_0.01","sig_0.01_BH","sig_0.01_BF","sig_0.05","sig_0.05_BH","sig_0.05_BF","n"
"IM-23-122-KXSM","IM-23-122-IOGO",0.977,0.901,0.998,0,0,0,1,1,1,1,1,1,1
"IM-23-122-TFAY","IM-23-122-ROAO",0.462,0.339,0.578,2.1514359016539e-08,3.82955590494394e-06,8.42502299087666e-05,1,1,1,1,1,1,1
"IM-23-122-TFAY","IM-23-122-SFZS",0.584,0.397,0.741,1.52853510815287e-06,0.000260249716675072,0.00598574348352665,1,1,1,1,1,1,1
"IM-23-122-XFGC","IM-23-122-GUJH",1,0.973,1,0,0,0,1,1,1,1,1,1,1
"IM-23-122-XHZJ","IM-23-122-GUJH",0.968,0.864,0.998,6.66133814775094e-16,1.30429000932963e-13,2.60858001865927e-12,1,1,1,1,1,1,1
"IM-23-122-XHZJ","IM-23-122-XFGC",0.968,0.865,0.998,4.9960036108132e-16,1.02970263894445e-13,1.95643501399445e-12,1,1,1,1,1,1,1
"IM-23-122-YMLZ","IM-23-122-GUJH",1,0.973,1,0,0,0,1,1,1,1,1,1,1
"IM-23-122-YMLZ","IM-23-122-XFGC",1,0.973,1,0,0,0,1,1,1,1,1,1,1
"IM-23-122-YMLZ","IM-23-122-XHZJ",1,0.937,1,0,0,0,1,1,1,1,1,1,1
"IM-23-122-YNLT","IM-23-122-GUJH",0.919,0.799,0.979,0,0,0,1,1,1,1,1,1,1
"IM-23-122-YNLT","IM-23-122-XFGC",0.919,0.8,0.979,0,0,0,1,1,1,1,1,1,1
"IM-23-122-YNLT","IM-23-122-XHZJ",0.872,0.689,0.967,1.40720685104512e-09,2.6241057279489e-07,5.51062202869268e-06,1,1,1,1,1,1,1
"IM-23-122-YNLT","IM-23-122-YMLZ",0.916,0.794,0.978,5.55111512312578e-17,1.20767593456448e-14,2.17381668221606e-13,1,1,1,1,1,1,1
"IM-24-122-BIFP","IM-24-122-AYYM",1,0.979,1,0,0,0,1,1,1,1,1,1,1
"IM-24-122-CDWZ","IM-24-122-AYYM",1,0.979,1,0,0,0,1,1,1,1,1,1,1
"IM-24-122-CDWZ","IM-24-122-BIFP",1,0.979,1,0,0,0,1,1,1,1,1,1,1
"IM-24-122-DCIU","IM-24-122-CWSL",1,0.979,1,0,0,0,1,1,1,1,1,1,1
"IM-24-122-DMNS","IM-24-122-DHWT",1,0.978,1,0,0,0,1,1,1,1,1,1,1
"IM-24-122-DTTN","IM-24-122-DHWT",1,0.978,1,0,0,0,1,1,1,1,1,1,1
"IM-24-122-DTTN","IM-24-122-DMNS",1,0.978,1,0,0,0,1,1,1,1,1,1,1
"IM-24-122-FBDF","IM-24-122-FADH",1,0.979,1,0,0,0,1,1,1,1,1,1,1
"IM-24-122-FCSH","IM-24-122-FADH",1,0.979,1,0,0,0,1,1,1,1,1,1,1
"IM-24-122-FCSH","IM-24-122-FBDF",1,0.979,1,0,0,0,1,1,1,1,1,1,1
