"x","y","ibd","ibd_lower","ibd_upper","p_value","p_BH","p_BF","sig_0.01","sig_0.01_BH","sig_0.01_BF","sig_0.05","sig_0.05_BH","sig_0.05_BF","n"
"IM-23-120-GOFU","IM-23-120-FGSV",1,0.976,1,0,0,0,1,1,1,1,1,1,1
"IM-23-120-GVHL","IM-23-120-CBWK",0.939,0.847,0.984,0,0,0,1,1,1,1,1,1,1
"IM-23-120-IBNC","IM-23-120-FGSV",1,0.973,1,0,0,0,1,1,1,1,1,1,1
"IM-23-120-IBNC","IM-23-120-GOFU",1,0.972,1,0,0,0,1,1,1,1,1,1,1
"IM-23-120-JPRR","IM-23-120-JJDZ",0.936,0.856,0.979,0,0,0,1,1,1,1,1,1,1
"IM-23-120-LAPH","IM-23-120-FGSV",1,0.978,1,0,0,0,1,1,1,1,1,1,1
"IM-23-120-LAPH","IM-23-120-GOFU",1,0.976,1,0,0,0,1,1,1,1,1,1,1
"IM-23-120-LAPH","IM-23-120-IBNC",1,0.973,1,0,0,0,1,1,1,1,1,1,1
"IM-23-120-PVGK","IM-23-120-OQVN",1,0.98,1,0,0,0,1,1,1,1,1,1,1
"IM-23-120-TGWZ","IM-23-120-KSRI",0.562,0.404,0.704,1.22578760475278e-08,7.52777799624649e-06,0.00012797222593619,1,1,1,1,1,1,1
"IM-23-120-TYPZ","IM-23-120-NDAD",1,0.761,1,1.39082598821227e-06,0.000806679073163119,0.0145202233169361,1,1,0,1,1,1,1
"IM-23-120-VAMF","IM-23-120-CBWK",1,0.98,1,0,0,0,1,1,1,1,1,1,1
"IM-23-120-VAMF","IM-23-120-GVHL",0.939,0.848,0.984,0,0,0,1,1,1,1,1,1,1
"IM-23-120-VUJV","IM-23-120-FVGH",1,0.98,1,0,0,0,1,1,1,1,1,1,1
"IM-23-120-YWGW","IM-23-120-KSRI",0.9,0.757,0.974,1.31561428418081e-14,8.58438320427979e-12,1.37350131268477e-10,1,1,1,1,1,1,1
"IM-24-120-CJNO","IM-23-120-TTOM",1,0.98,1,0,0,0,1,1,1,1,1,1,1
"IM-24-120-GVWI","IM-24-120-DZYC",1,0.973,1,0,0,0,1,1,1,1,1,1,1
"IM-24-120-GWKI","IM-24-120-GGRM",1,0.98,1,0,0,0,1,1,1,1,1,1,1
